{"stats":{"minecraft:picked_up":{"minecraft:sand":3,"minecraft:rotten_flesh":1},"minecraft:custom":{"minecraft:jump":18,"minecraft:time_since_rest":10000,"minecraft:leave_game":1,"minecraft:damage_dealt":208,"tombstone:undead_killed":1,"minecraft:walk_on_water_one_cm":914,"minecraft:sprint_one_cm":5774,"minecraft:play_time":10000,"minecraft:damage_taken":170,"minecraft:time_since_death":10000,"minecraft:walk_one_cm":3892,"minecraft:sneak_time":29,"minecraft:total_world_time":10000,"minecraft:walk_under_water_one_cm":812,"minecraft:mob_kills":1,"minecraft:swim_one_cm":1362,"minecraft:fall_one_cm":813,"minecraft:fly_one_cm":3548},"minecraft:killed":{"minecraft:zombie":1},"minecraft:mined":{"minecraft:sand":3},"minecraft:used":{"minecraft:rotten_flesh":1}},"DataVersion":3465}