{"stats":{"minecraft:used":{"minecraft:cooked_mutton":10,"minecraft:water_bucket":3,"minecraft:stone_sword":86,"minecraft:iron_shovel":41,"minecraft:stone_pickaxe":131,"minecraft:stone_shovel":19,"minecraft:oak_planks":3,"minecraft:chest":2,"minecraft:wooden_pickaxe":15,"minecraft:iron_sword":251,"minecraft:torch":128,"minecraft:dirt":35,"minecraft:crafting_table":4,"minecraft:white_bed":1,"tombstone:bag_of_seeds":4,"minecraft:wooden_axe":10,"minecraft:apple":2,"minecraft:lava_bucket":1,"minecraft:iron_axe":159,"minecraft:grass_block":2,"minecraft:iron_pickaxe":389,"minecraft:stone_axe":70,"minecraft:cobblestone":110,"minecraft:oak_sapling":42,"minecraft:furnace":2,"minecraft:cooked_porkchop":24,"minecraft:bucket":5,"tombstone:gift":4,"minecraft:cooked_beef":1,"minecraft:cobbled_deepslate":22},"minecraft:picked_up":{"minecraft:crafting_table":3,"minecraft:azure_bluet":1,"minecraft:andesite":5,"minecraft:leather":9,"minecraft:lead":2,"minecraft:flint":1,"minecraft:oak_log":149,"minecraft:gunpowder":7,"minecraft:lapis_lazuli":124,"minecraft:dirt":69,"minecraft:string":6,"minecraft:raw_copper":11,"minecraft:bone":27,"minecraft:apple":6,"minecraft:bow":1,"minecraft:wheat_seeds":82,"minecraft:cobbled_deepslate":43,"minecraft:raw_gold":15,"minecraft:beef":9,"tombstone:bag_of_seeds":2,"minecraft:stick":40,"minecraft:raw_iron":124,"minecraft:pumpkin":12,"minecraft:dandelion":8,"minecraft:torch":9,"minecraft:dripstone_block":13,"minecraft:gravel":4,"minecraft:porkchop":24,"minecraft:sand":4,"minecraft:pointed_dripstone":2,"tombstone:grave_dust":5,"minecraft:diorite":28,"minecraft:carrot":1,"minecraft:redstone":13,"minecraft:spider_eye":2,"minecraft:arrow":13,"minecraft:rotten_flesh":45,"minecraft:diamond":8,"minecraft:granite":15,"tombstone:magic_scroll":1,"minecraft:oak_sapling":90,"minecraft:mutton":10,"minecraft:coal":114,"minecraft:white_wool":6,"minecraft:cobblestone":146,"minecraft:oxeye_daisy":1},"minecraft:killed":{"minecraft:pig":12,"minecraft:spider":6,"minecraft:wandering_trader":1,"minecraft:creeper":5,"minecraft:skeleton":22,"minecraft:sheep":6,"minecraft:trader_llama":2,"minecraft:zombie":38,"minecraft:drowned":1,"minecraft:cow":4},"minecraft:mined":{"minecraft:deepslate_redstone_ore":3,"minecraft:oak_sapling":3,"minecraft:deepslate_diamond_ore":8,"minecraft:dandelion":7,"minecraft:cornflower":1,"minecraft:crafting_table":3,"minecraft:torch":5,"minecraft:granite":15,"minecraft:grass_block":45,"minecraft:copper_ore":1,"minecraft:tall_grass":91,"minecraft:cobblestone":17,"minecraft:deepslate_gold_ore":13,"minecraft:lapis_ore":15,"minecraft:oxeye_daisy":1,"minecraft:diorite":33,"minecraft:wall_torch":3,"minecraft:iron_ore":106,"minecraft:fire":1,"minecraft:azure_bluet":1,"minecraft:andesite":5,"minecraft:dirt_path":3,"minecraft:pumpkin":12,"minecraft:deepslate_lapis_ore":5,"minecraft:grass":614,"minecraft:oak_log":149,"minecraft:pointed_dripstone":1,"minecraft:coal_ore":114,"minecraft:deepslate_iron_ore":19,"minecraft:sand":4,"minecraft:gravel":5,"minecraft:dripstone_block":10,"minecraft:dirt":33,"minecraft:stone":127,"minecraft:gold_ore":2,"minecraft:oak_leaves":12,"minecraft:deepslate":39},"minecraft:custom":{"minecraft:interact_with_furnace":72,"minecraft:mob_kills":100,"minecraft:animals_bred":26,"minecraft:interact_with_crafting_table":27,"minecraft:leave_game":10,"minecraft:time_since_death":137132,"minecraft:sleep_in_bed":6,"minecraft:time_since_rest":5689,"minecraft:sprint_one_cm":513530,"minecraft:damage_taken":1920,"minecraft:walk_one_cm":234308,"minecraft:drop":14,"minecraft:damage_dealt":17078,"minecraft:swim_one_cm":10773,"minecraft:talked_to_villager":1,"minecraft:fly_one_cm":620312,"minecraft:play_time":137132,"minecraft:open_chest":46,"minecraft:crouch_one_cm":27218,"minecraft:sneak_time":9742,"tombstone:undead_killed":61,"minecraft:walk_under_water_one_cm":3209,"tombstone:villager_killed":1,"minecraft:jump":1822,"minecraft:walk_on_water_one_cm":12159,"minecraft:total_world_time":137132,"minecraft:fall_one_cm":41794},"minecraft:crafted":{"minecraft:cooked_beef":9,"minecraft:oak_planks":224,"minecraft:stone_shovel":1,"minecraft:cooked_porkchop":24,"minecraft:crafting_table":1,"minecraft:iron_helmet":1,"minecraft:wooden_pickaxe":1,"minecraft:iron_sword":2,"minecraft:furnace":2,"minecraft:bucket":1,"minecraft:stone_axe":1,"minecraft:cooked_mutton":10,"minecraft:air":0,"minecraft:diamond_pickaxe":1,"minecraft:iron_boots":1,"minecraft:iron_chestplate":1,"minecraft:iron_axe":1,"minecraft:stick":40,"minecraft:iron_ingot":95,"minecraft:iron_pickaxe":3,"minecraft:stone_pickaxe":1,"minecraft:wooden_axe":1,"minecraft:stone_sword":1,"minecraft:chest":2,"minecraft:iron_shovel":1,"minecraft:iron_leggings":1,"minecraft:white_bed":1,"minecraft:torch":136},"minecraft:broken":{"minecraft:stone_pickaxe":1,"minecraft:iron_sword":1,"minecraft:iron_pickaxe":1},"minecraft:dropped":{"minecraft:gravel":4,"minecraft:stone_axe":1,"minecraft:stone_sword":1,"minecraft:raw_copper":11,"minecraft:stone_shovel":1,"minecraft:rotten_flesh":3,"minecraft:wooden_axe":1,"minecraft:wooden_pickaxe":1}},"DataVersion":3465}