{"stats":{"minecraft:used":{"minecraft:oak_fence":63,"minecraft:stone_sword":86,"minecraft:iron_shovel":251,"minecraft:stone_shovel":19,"minecraft:chest":2,"minecraft:iron_sword":261,"minecraft:torch":142,"minecraft:dirt":285,"minecraft:oak_fence_gate":4,"minecraft:wooden_axe":10,"minecraft:lava_bucket":1,"minecraft:grass_block":2,"minecraft:iron_axe":164,"minecraft:furnace":2,"minecraft:oak_sapling":42,"tombstone:gift":4,"minecraft:egg":14,"minecraft:cooked_beef":2,"minecraft:cobbled_deepslate":22,"minecraft:cooked_mutton":10,"minecraft:water_bucket":3,"minecraft:stone_pickaxe":131,"minecraft:oak_planks":3,"minecraft:wooden_pickaxe":15,"minecraft:crafting_table":4,"minecraft:white_bed":1,"tombstone:bag_of_seeds":4,"minecraft:apple":2,"minecraft:iron_pickaxe":389,"minecraft:stone_axe":70,"minecraft:cobblestone":110,"minecraft:cooked_porkchop":24,"minecraft:bucket":5},"minecraft:picked_up":{"minecraft:crafting_table":3,"minecraft:azure_bluet":2,"minecraft:lead":2,"minecraft:cornflower":1,"minecraft:string":6,"minecraft:raw_copper":11,"minecraft:cobbled_deepslate":43,"minecraft:beef":9,"minecraft:egg":14,"minecraft:raw_iron":124,"minecraft:stick":40,"minecraft:oak_fence":4,"minecraft:torch":18,"minecraft:porkchop":24,"tombstone:grave_dust":5,"minecraft:pointed_dripstone":2,"minecraft:diorite":28,"minecraft:carrot":1,"minecraft:redstone":13,"minecraft:rotten_flesh":46,"minecraft:arrow":13,"minecraft:mutton":10,"minecraft:white_wool":6,"minecraft:cobblestone":146,"minecraft:oxeye_daisy":2,"minecraft:andesite":5,"minecraft:leather":9,"minecraft:flint":1,"minecraft:oak_log":149,"minecraft:gunpowder":7,"minecraft:dirt":288,"minecraft:lapis_lazuli":124,"minecraft:bone":27,"minecraft:apple":6,"minecraft:bow":1,"minecraft:wheat_seeds":97,"minecraft:raw_gold":15,"minecraft:oak_fence_gate":1,"tombstone:bag_of_seeds":2,"minecraft:pumpkin":12,"minecraft:dandelion":12,"minecraft:gravel":4,"minecraft:dripstone_block":13,"minecraft:sand":9,"minecraft:spider_eye":2,"minecraft:diamond":8,"minecraft:granite":15,"minecraft:oak_sapling":90,"tombstone:magic_scroll":1,"minecraft:coal":114},"minecraft:killed":{"minecraft:spider":6,"minecraft:skeleton":22,"minecraft:drowned":1,"minecraft:pig":12,"minecraft:wandering_trader":1,"minecraft:creeper":5,"minecraft:sheep":6,"minecraft:trader_llama":2,"minecraft:zombie":40,"minecraft:cow":4},"minecraft:mined":{"minecraft:oak_sapling":3,"minecraft:deepslate_diamond_ore":8,"minecraft:granite":15,"minecraft:grass_block":263,"minecraft:oxeye_daisy":2,"minecraft:iron_ore":106,"minecraft:fire":1,"minecraft:andesite":5,"minecraft:pumpkin":12,"minecraft:deepslate_lapis_ore":5,"minecraft:azure_bluet":2,"minecraft:pointed_dripstone":1,"minecraft:deepslate_iron_ore":19,"minecraft:dirt_path":3,"minecraft:stone":127,"minecraft:deepslate_redstone_ore":3,"minecraft:dandelion":11,"minecraft:oak_fence":4,"minecraft:crafting_table":3,"minecraft:cornflower":1,"minecraft:torch":11,"minecraft:tall_grass":91,"minecraft:copper_ore":1,"minecraft:cobblestone":17,"minecraft:lapis_ore":15,"minecraft:deepslate_gold_ore":13,"minecraft:diorite":33,"minecraft:wall_torch":5,"minecraft:grass":701,"minecraft:coal_ore":114,"minecraft:oak_log":149,"minecraft:oak_fence_gate":1,"minecraft:dirt":34,"minecraft:dripstone_block":10,"minecraft:gravel":5,"minecraft:sand":9,"minecraft:gold_ore":2,"minecraft:oak_leaves":12,"minecraft:deepslate":39},"minecraft:custom":{"minecraft:mob_kills":102,"minecraft:animals_bred":38,"minecraft:interact_with_crafting_table":31,"minecraft:leave_game":10,"minecraft:time_since_death":149132,"minecraft:sprint_one_cm":575630,"minecraft:walk_one_cm":284792,"minecraft:drop":19,"minecraft:talked_to_villager":1,"minecraft:play_time":149132,"minecraft:sneak_time":10640,"minecraft:walk_under_water_one_cm":3209,"minecraft:jump":1945,"minecraft:walk_on_water_one_cm":12397,"minecraft:total_world_time":149132,"minecraft:interact_with_furnace":75,"minecraft:sleep_in_bed":7,"minecraft:time_since_rest":10412,"minecraft:damage_taken":1931,"minecraft:damage_dealt":17347,"minecraft:swim_one_cm":10773,"minecraft:fly_one_cm":657609,"minecraft:open_chest":52,"minecraft:crouch_one_cm":32955,"tombstone:undead_killed":63,"tombstone:villager_killed":1,"minecraft:fall_one_cm":42421},"minecraft:broken":{"minecraft:iron_shovel":1,"minecraft:stone_pickaxe":1,"minecraft:iron_sword":1,"minecraft:iron_pickaxe":1},"minecraft:crafted":{"minecraft:oak_planks":288,"minecraft:stone_shovel":1,"minecraft:furnace":2,"minecraft:cooked_mutton":10,"minecraft:iron_boots":1,"minecraft:iron_axe":1,"minecraft:stone_pickaxe":1,"minecraft:chest":2,"minecraft:oak_fence":84,"minecraft:cooked_beef":9,"minecraft:cooked_porkchop":24,"minecraft:crafting_table":1,"minecraft:wooden_pickaxe":1,"minecraft:iron_helmet":1,"minecraft:iron_sword":2,"minecraft:bucket":1,"minecraft:stone_axe":1,"minecraft:air":0,"minecraft:oak_fence_gate":3,"minecraft:iron_chestplate":1,"minecraft:diamond_pickaxe":1,"minecraft:stick":96,"minecraft:iron_ingot":124,"minecraft:iron_pickaxe":3,"minecraft:wooden_axe":1,"minecraft:stone_sword":1,"minecraft:iron_shovel":1,"minecraft:iron_leggings":1,"minecraft:white_bed":1,"minecraft:torch":136},"minecraft:dropped":{"minecraft:wheat_seeds":4,"minecraft:oxeye_daisy":2,"minecraft:cornflower":1,"minecraft:wooden_axe":1,"minecraft:dandelion":12,"minecraft:gravel":4,"minecraft:stone_axe":1,"minecraft:stone_sword":1,"minecraft:raw_copper":11,"minecraft:stone_shovel":1,"minecraft:rotten_flesh":3,"minecraft:azure_bluet":2,"minecraft:wooden_pickaxe":1}},"DataVersion":3465}