{"stats":{"minecraft:used":{"minecraft:wooden_axe":10,"minecraft:stone_sword":15,"minecraft:apple":2,"minecraft:grass_block":2,"minecraft:wooden_pickaxe":15,"minecraft:stone_axe":1,"minecraft:crafting_table":2,"minecraft:oak_sapling":3},"minecraft:mined":{"minecraft:fire":1,"minecraft:crafting_table":2,"minecraft:grass":3,"minecraft:grass_block":4,"minecraft:oak_log":12,"minecraft:dirt":5,"minecraft:gravel":5,"minecraft:sand":4,"minecraft:stone":15},"minecraft:crafted":{"minecraft:oak_planks":48,"minecraft:stone_shovel":1,"minecraft:crafting_table":1,"minecraft:stick":12,"minecraft:wooden_pickaxe":1,"minecraft:stone_pickaxe":1,"minecraft:wooden_axe":1,"minecraft:stone_sword":1,"minecraft:stone_axe":1},"minecraft:custom":{"minecraft:time_since_rest":21199,"minecraft:sprint_one_cm":35818,"minecraft:damage_taken":30,"minecraft:walk_one_cm":15686,"minecraft:mob_kills":7,"minecraft:damage_dealt":640,"minecraft:interact_with_crafting_table":5,"minecraft:swim_one_cm":2270,"minecraft:fly_one_cm":320983,"minecraft:crouch_one_cm":1061,"minecraft:play_time":21199,"minecraft:sneak_time":462,"minecraft:walk_under_water_one_cm":251,"minecraft:jump":73,"minecraft:leave_game":6,"minecraft:walk_on_water_one_cm":822,"minecraft:time_since_death":21199,"minecraft:total_world_time":21199,"minecraft:fall_one_cm":984},"minecraft:picked_up":{"minecraft:stick":5,"minecraft:crafting_table":2,"minecraft:gravel":4,"minecraft:porkchop":8,"minecraft:sand":4,"minecraft:flint":1,"minecraft:oak_log":12,"minecraft:dirt":9,"minecraft:apple":2,"minecraft:oak_sapling":3,"minecraft:mutton":5,"minecraft:white_wool":3,"minecraft:cobblestone":15},"minecraft:killed":{"minecraft:sheep":3,"minecraft:pig":4}},"DataVersion":3465}