{"stats":{"minecraft:picked_up":{"minecraft:sand":4},"minecraft:used":{"minecraft:grass_block":1},"minecraft:custom":{"minecraft:jump":14,"minecraft:time_since_rest":12800,"minecraft:crouch_one_cm":32,"minecraft:leave_game":3,"minecraft:play_time":12800,"minecraft:sprint_one_cm":4985,"minecraft:damage_taken":30,"minecraft:time_since_death":12800,"minecraft:walk_one_cm":2056,"minecraft:sneak_time":4,"minecraft:total_world_time":12800,"minecraft:fall_one_cm":566,"minecraft:fly_one_cm":311849},"minecraft:mined":{"minecraft:sand":4}},"DataVersion":3465}