{"stats":{"minecraft:used":{"minecraft:grass_block":2},"minecraft:mined":{"minecraft:fire":1,"minecraft:sand":4},"minecraft:custom":{"minecraft:jump":20,"minecraft:time_since_rest":16104,"minecraft:crouch_one_cm":32,"minecraft:leave_game":5,"minecraft:play_time":16104,"minecraft:sprint_one_cm":15331,"minecraft:damage_taken":30,"minecraft:time_since_death":16104,"minecraft:walk_one_cm":7815,"minecraft:sneak_time":4,"minecraft:total_world_time":16104,"minecraft:fall_one_cm":566,"minecraft:fly_one_cm":313600},"minecraft:picked_up":{"minecraft:sand":4}},"DataVersion":3465}