{"stats":{"minecraft:custom":{"minecraft:interact_with_furnace":66,"minecraft:mob_kills":81,"minecraft:animals_bred":26,"minecraft:interact_with_crafting_table":24,"minecraft:leave_game":10,"minecraft:time_since_death":119424,"minecraft:sleep_in_bed":5,"minecraft:time_since_rest":14670,"minecraft:sprint_one_cm":431489,"minecraft:damage_taken":1567,"minecraft:walk_one_cm":193694,"minecraft:drop":14,"minecraft:damage_dealt":13846,"minecraft:swim_one_cm":9790,"minecraft:talked_to_villager":1,"minecraft:fly_one_cm":548039,"minecraft:open_chest":40,"minecraft:play_time":119424,"minecraft:crouch_one_cm":26457,"tombstone:undead_killed":44,"minecraft:sneak_time":9018,"minecraft:walk_under_water_one_cm":2962,"tombstone:villager_killed":1,"minecraft:jump":1418,"minecraft:walk_on_water_one_cm":9797,"minecraft:total_world_time":119424,"minecraft:fall_one_cm":34917},"minecraft:crafted":{"minecraft:cooked_beef":9,"minecraft:oak_planks":224,"minecraft:stone_shovel":1,"minecraft:cooked_porkchop":24,"minecraft:crafting_table":1,"minecraft:iron_helmet":1,"minecraft:wooden_pickaxe":1,"minecraft:iron_sword":1,"minecraft:furnace":2,"minecraft:bucket":1,"minecraft:stone_axe":1,"minecraft:cooked_mutton":10,"minecraft:air":0,"minecraft:iron_boots":1,"minecraft:iron_chestplate":1,"minecraft:iron_axe":1,"minecraft:stick":40,"minecraft:iron_ingot":84,"minecraft:iron_pickaxe":3,"minecraft:stone_pickaxe":1,"minecraft:wooden_axe":1,"minecraft:stone_sword":1,"minecraft:chest":2,"minecraft:iron_shovel":1,"minecraft:iron_leggings":1,"minecraft:white_bed":1,"minecraft:torch":136},"minecraft:killed":{"minecraft:pig":12,"minecraft:spider":5,"minecraft:wandering_trader":1,"minecraft:creeper":5,"minecraft:skeleton":14,"minecraft:sheep":6,"minecraft:trader_llama":2,"minecraft:zombie":29,"minecraft:drowned":1,"minecraft:cow":4},"minecraft:broken":{"minecraft:stone_pickaxe":1,"minecraft:iron_pickaxe":1},"minecraft:dropped":{"minecraft:gravel":4,"minecraft:stone_axe":1,"minecraft:stone_sword":1,"minecraft:raw_copper":11,"minecraft:stone_shovel":1,"minecraft:rotten_flesh":3,"minecraft:wooden_axe":1,"minecraft:wooden_pickaxe":1},"minecraft:picked_up":{"minecraft:crafting_table":3,"minecraft:andesite":5,"minecraft:leather":9,"minecraft:lead":2,"minecraft:flint":1,"minecraft:oak_log":69,"minecraft:gunpowder":4,"minecraft:lapis_lazuli":124,"minecraft:dirt":31,"minecraft:string":6,"minecraft:raw_copper":11,"minecraft:bone":17,"minecraft:apple":5,"minecraft:bow":1,"minecraft:wheat_seeds":79,"minecraft:cobbled_deepslate":7,"minecraft:raw_gold":10,"minecraft:beef":9,"tombstone:bag_of_seeds":2,"minecraft:stick":17,"minecraft:raw_iron":103,"minecraft:torch":7,"minecraft:dripstone_block":9,"minecraft:gravel":4,"minecraft:porkchop":24,"minecraft:sand":4,"minecraft:pointed_dripstone":2,"tombstone:grave_dust":5,"minecraft:diorite":23,"minecraft:redstone":13,"minecraft:spider_eye":2,"minecraft:arrow":8,"minecraft:rotten_flesh":33,"minecraft:diamond":2,"minecraft:granite":15,"tombstone:magic_scroll":1,"minecraft:oak_sapling":46,"minecraft:mutton":10,"minecraft:coal":96,"minecraft:white_wool":6,"minecraft:cobblestone":128},"minecraft:used":{"minecraft:cooked_mutton":3,"minecraft:water_bucket":3,"minecraft:stone_sword":86,"minecraft:stone_pickaxe":131,"minecraft:stone_shovel":19,"minecraft:oak_planks":3,"minecraft:chest":2,"minecraft:wooden_pickaxe":15,"minecraft:iron_sword":242,"minecraft:torch":119,"minecraft:dirt":6,"minecraft:crafting_table":4,"minecraft:white_bed":1,"tombstone:bag_of_seeds":4,"minecraft:wooden_axe":10,"minecraft:apple":2,"minecraft:lava_bucket":1,"minecraft:iron_axe":6,"minecraft:grass_block":2,"minecraft:iron_pickaxe":280,"minecraft:stone_axe":70,"minecraft:cobblestone":100,"minecraft:oak_sapling":39,"minecraft:furnace":2,"minecraft:cooked_porkchop":24,"minecraft:bucket":5,"tombstone:gift":2},"minecraft:mined":{"minecraft:deepslate_redstone_ore":3,"minecraft:oak_sapling":1,"minecraft:deepslate_diamond_ore":2,"minecraft:crafting_table":3,"minecraft:torch":4,"minecraft:granite":15,"minecraft:grass_block":11,"minecraft:copper_ore":1,"minecraft:tall_grass":91,"minecraft:cobblestone":16,"minecraft:lapis_ore":15,"minecraft:deepslate_gold_ore":8,"minecraft:diorite":28,"minecraft:wall_torch":2,"minecraft:iron_ore":93,"minecraft:fire":1,"minecraft:andesite":5,"minecraft:deepslate_lapis_ore":5,"minecraft:grass":603,"minecraft:oak_log":69,"minecraft:pointed_dripstone":1,"minecraft:coal_ore":96,"minecraft:deepslate_iron_ore":11,"minecraft:sand":4,"minecraft:gravel":5,"minecraft:dripstone_block":6,"minecraft:dirt":32,"minecraft:stone":109,"minecraft:gold_ore":2,"minecraft:oak_leaves":8,"minecraft:deepslate":8}},"DataVersion":3465}