{"stats":{"minecraft:picked_up":{"minecraft:sand":4},"minecraft:custom":{"minecraft:jump":8,"minecraft:time_since_rest":2985,"minecraft:crouch_one_cm":32,"minecraft:leave_game":2,"minecraft:play_time":2985,"minecraft:sprint_one_cm":3466,"minecraft:damage_taken":30,"minecraft:time_since_death":2985,"minecraft:walk_one_cm":1294,"minecraft:sneak_time":4,"minecraft:total_world_time":2985,"minecraft:fall_one_cm":566,"minecraft:fly_one_cm":33876},"minecraft:mined":{"minecraft:sand":4}},"DataVersion":3465}